11384,Dartmouth St @ Back Bay Sta,42.34735,-71.075727
Back Bay,Back Bay,42.347487,-71.075399
1395,Dartmouth St @ Appleton St,42.345156,-71.074969
178,Saint James Ave @ Dartmouth St,42.349373,-71.076911
70154,Copley - Inbound,42.349974,-71.077447
71855,Stuart St @ Dartmouth St,42.348245,-71.076218
173,Saint James Ave @ Clarendon St,42.349935,-71.074649
1384,Dartmouth St @ Appleton St,42.345018,-71.074771
1396,Dartmouth St @ Tremont St,42.342885,-71.073849
1246,Tremont St @ Union Pk,42.343673,-71.072264
1236,Tremont St @ Waltham St,42.343873,-71.071653
143,Boylston St @ Clarendon St,42.350593,-71.075289
171,Berkeley St @ Columbus Ave,42.348569,-71.071717
1247,Tremont St @ Dartmouth St,42.34291,-71.07369
1382,43 W Dedham St,42.342067,-71.072922
1233,Tremont St @ W Newton St,42.341236,-71.076653
1381,W Dedham St @ Washington St,42.340934,-71.071104
1235,Tremont St @ W Dedham St,42.342666,-71.073943
1397,Opp 43 W Dedham St,42.341924,-71.072923
36539,E Berkeley @ Tremont St,42.345255,-71.069716
1398,W Dedham St @ Washington St,42.340883,-71.071385
1237,Tremont St @ E Berkeley St,42.345145,-71.069868
11245,Tremont St @ Berkeley St,42.345466,-71.0698
144,Boylston St @ Berkeley St,42.351181,-71.073168
36540,Berkeley St @ Chandler St,42.346859,-71.070848
177,Saint James Ave @ Arlington St,42.351039,-71.070502
147,Herald St @ Tremont St,42.347374,-71.068436
1383,Dartmouth St @ Tremont St,42.342976,-71.07376
1234,Tremont St @ W Brookline St,42.341887,-71.075413
1789,Washington St @ Mystic St,42.340389,-71.071195
5093,Washington St @ Union Pk,42.341308,-71.069417
1248,Tremont St @ Pembroke St,42.341738,-71.075917
1232,Tremont St @ W Concord St,42.340407,-71.078156
11158,Harrison Ave @ E Brookline St,42.338393,-71.070917
5099,Washington St opp Savoy St,42.342225,-71.067903
9421,E Newton St @ Washington St,42.33882,-71.073503
5095,Washington St @ E Berkeley St,42.343824,-71.065927
5094,Washington St @ Perry St,42.342695,-71.067065
21158,Harrison Ave. opp Plympton St,42.339855,-71.069091
168,Tremont St @ Appleton St,42.346699,-71.069114
1238,Tremont St @ Herald St,42.347363,-71.068607
5098,Washington St @ E Berkeley St,42.343809,-71.066075
1239,Tremont St @ Marginal St,42.34818,-71.067595
146,Arlington St @ Isabella St,42.34881,-71.069533
70156,Arlington - Inbound,42.351902,-71.070893
145,Arlington St @ Saint James Ave,42.351105,-71.070442
9983,Stuart St @ Charles St S,42.351039,-71.066798
1242,Tremont St @ Charles St S,42.348777,-71.066481
49003,Washington St @ Herald St,42.346457,-71.064695
8281,285 Tremont St,42.349606,-71.065439
1249,Tremont St @ Rutland Sq,42.341006,-71.077301
1250,Tremont St @ Worcester St,42.340187,-71.078787
1788,Washington St @ E Newton St,42.338763,-71.073677
5091,E Newton St @ Harrison Ave,42.337629,-71.072068
5100,Washington St @ Union Pk,42.340497,-71.071317
1231,Tremont St @ W Springfield St,42.339584,-71.079623
87,Massachusetts Ave @ Tremont St,42.339459,-71.080362
88,Massachusetts Ave @ Columbus Ave,42.340606,-71.081617
1230,Tremont St @ Northampton St,42.338746,-71.081156
15176,Washington St @ Worcester St,42.337353,-71.075909
10015,Harrison Ave @ E Newton St,42.337402,-71.072162
19402,Washington St @ W Newton St,42.338788,-71.073825
10006,Albany St opp E Newton St,42.335814,-71.070135
15094,Washington St @ Savoy St,42.342008,-71.067929
36541,E Berkeley St @ Washington St,42.343936,-71.065793
36538,E Berkeley St @ Harrison Ave,42.3435,-71.064276
1787,Washington St @ Worcester St,42.337524,-71.075479
1790,Harrison Ave @ Worcester Sq,42.335883,-71.074011
148,Herald St @ Washington St,42.346575,-71.064724
10008,Albany St opp Randolph St,42.339915,-71.064356
10007,540 Albany St opp Wareham St,42.338372,-71.066556
15095,Washington St @ Herald St,42.345906,-71.064718
11481,Herald St @ Harrison Ave,42.346301,-71.063361
70016,Tufts Medical Center - Outbound,42.349662,-71.063917
1241,Charles St S @ Park Plaza,42.351748,-71.067101
9980,Charles St @ Beacon St,42.356083,-71.06926
91856,Stuart St @ Tremont St,42.351136,-71.064763
place-boyls,Boylston,42.35302,-71.06459
6542,Kneeland St @ Washington St,42.350845,-71.062868
1251,Tremont St @ W Springfield St,42.339703,-71.079768
84,Massachusetts Ave @ Tremont St,42.339074,-71.080299
83,Massachusetts Ave @ Columbus Ave,42.340624,-71.081947
5090,88 E Newton St,42.336679,-71.070973
15088,Harrison Ave opp. East Springfield St.,42.335445,-71.074414
1253,Tremont St @ Douglas Pk,42.337824,-71.083178
1252,Tremont St @ Northampton St,42.338955,-71.081129
11228,Tremont St @ Lenox St,42.337782,-71.083038
187,Massachusetts Ave @ Massachusetts Ave Station,42.341512,-71.083423
89,Massachusetts Ave @ St Botolph St,42.342303,-71.084121
59,Massachusetts Ave @ Washington St,42.336295,-71.076941
55,Washington St @ Massachusetts Ave,42.336361,-71.077214
58,Massachusetts Ave @ Harrison Ave,42.334948,-71.074931
5089,91 E Concord St,42.33556,-71.072264
25089,Albany St @ Boston Medical Ctr,42.334406,-71.072308
57,Massachusetts Ave @ Albany St,42.333825,-71.073541
856,Massachusetts Ave @ Albany St,42.333539,-71.073689
854,Massachusetts Ave @ Harrison Ave,42.334748,-71.07511
10014,Albany St opp Boston Medical,42.33434,-71.07222
10005,Albany St opp E Concord St,42.335017,-71.07128
10590,Massachusetts Ave @ Washington St,42.336621,-71.076956
10013,Albany St @ E Dedham St,42.337556,-71.067875
10012,Albany St @ Wareham St,42.338361,-71.066667
10011,Albany St @ Randolph St,42.340162,-71.064227
6537,Washington St @ Essex St,42.352288,-71.062581
place-chncl,Chinatown,42.352547,-71.062752
9981,Beacon St opp Walnut St,42.356954,-71.065766
10000,Tremont St opp Temple Pl,42.355692,-71.062911
place-pktrm,Park Street,42.35639457,-71.0624242
1228,Tremont St @ Hammond St,42.337226,-71.084022
1254,Tremont St @ Burke St,42.336908,-71.0848
11,Melnea Cass Blvd @ Kerr Way,42.334763,-71.084459
1255,Tremont St @ Columbus Ave,42.335779,-71.086948
1227,Tremont St @ Melnea Cass Blvd,42.335698,-71.086826
34513,Huntington Ave @ Mass Ave,42.342525,-71.084937
70241,Symphony - Outbound,42.342687,-71.085056
34514,Huntington Ave @ Mass Ave,42.342899,-71.084976
82,Massachusetts Ave @ Huntington Ave,42.342478,-71.084701
91317,Huntington Ave @ Gainsborough St,42.341244,-71.08651
5,Washington St @ Massachusetts Ave,42.336339,-71.07707
60,Washington St @ Lenox St,42.334963,-71.078951
4,Washington St @ Lenox St,42.334949,-71.078873
1791,Harrison Ave @ E Lenox St,42.33353,-71.077233
855,Massachusetts Ave @ Albany St,42.333353,-71.073424
10100,Albany St @ Randall St,42.331675,-71.076347
10003,Albany St opp Randall St,42.331591,-71.076237
80000,cabot garage,42.33892,-71.058489
16538,Bedford St @ Chauncy St,42.353262,-71.059643
8279,Tremont St @ Boylston Station,42.353247,-71.064353
49001,Temple Pl @ Washington St,42.355385,-71.062211
9982,Beacon St @ Park St,42.357656,-71.06328
70020,Downtown Crossing - to Forest Hills,42.355518,-71.060225
17861,Ruggles Sta - Upper Level,42.336377,-71.088961
11593,Ruggles St opp Kerr Way,42.333186,-71.086016
1593,Ruggles St @ Shawmut Ave,42.332076,-71.084203
77777,Melnea Cass Blvd @ Washington St,42.332906,-71.081253
61,Washington St @ Melnea Cass Blvd,42.332781,-71.081246
11592,Ruggles St @ Cabot St,42.333862,-71.087173
Ruggles,Ruggles,42.336505,-71.089189
80,Massachusetts Ave opp Christian Science Ctr,42.344366,-71.086458
31391,Huntington Ave @ Gainsborough St,42.341443,-71.086788
81317,360 Huntington Ave,42.340401,-71.088806
3,Washington St @ Melnea Cass Blvd - Silver Line,42.333021,-71.080799
11792,Harrison Ave @ Melnea Cass Blvd,42.332146,-71.079293
7,Melnea Cass Blvd @ Washington St,42.333043,-71.081108
10101,Melnea Cass Blvd @ Harrison Ave,42.332066,-71.079147
1489,Dudley St @ Dearborn St,42.328523,-71.079127
2,Washington St @ Melnea Cass Blvd,42.332324,-71.081252
30294,250 Dorchester Avenue,42.339299,-71.057007
269,W 7th St @ B St,42.338065,-71.056782
250,B St @ W 5th St,42.339575,-71.055477
292,W 7th St @ C St,42.337181,-71.055242
152,W Broadway @ A St,42.341682,-71.055418
153,W Broadway @ B St,42.340642,-71.053809
70081,Broadway - Outbound,42.342622,-71.056967
16535,Otis St @ Summer St,42.354243,-71.058557
6567,Washington St @ Essex St,42.352461,-71.062552
49703,Cambridge St @ Center Plaza - Gov't Ctr,42.359473,-71.059903
6539,350 Washington St,42.356733,-71.058942
1798,Ruggles St @ Parker St,42.337061,-71.09382
11149,Malcolm X Blvd @ O'Bryant HS,42.33068,-71.0882
63,Washington St @ Ruggles St,42.331035,-71.082875
62,Washington St @ Williams St,42.332045,-71.081738
64000,Dudley Station,42.329544,-71.083982
1148,Malcolm X Blvd @ Shawmut Ave,42.329687,-71.08613
6,Melnea Cass Blvd @ Harrison Ave,42.332016,-71.079576
1,Washington St opp Ruggles St,42.330957,-71.082754
1785,Ruggles St @ Annunciation Rd,42.336729,-71.093223
91,Massachusetts Ave @ Clearway St,42.345331,-71.086739
11391,Boylston St @ Massachusetts Ave,42.347386,-71.087495
1931,Ipswich St @ Boylston St,42.346945,-71.089362
1488,Dudley St @ Adams St,42.327844,-71.077494
1495,Dudley St @ Adams St,42.327602,-71.077403
21151,Warren St @ Kearsarge Ave,42.327349,-71.083021
1496,381 Dudley St opp Hampden St,42.326122,-71.075452
251,B St @ W 6th St,42.338955,-71.056199
249,B St @ Silver St,42.340515,-71.054339
291,W 7th St @ D St,42.336362,-71.054006
162,W Broadway @ C St,42.339917,-71.052494
293,W 7th @ B Street,42.338194,-71.05677
252,W 7th St @ C St,42.337229,-71.055505
253,W 7th St @ D St,42.336252,-71.054025
290,W 6th St @ D St,42.336832,-71.053007
254,W 7th St @ E St,42.33525,-71.052445
11532,W Broadway @ Linsky Barry Ct,42.339673,-71.052303
163,W Broadway @ B St,42.340909,-71.054036
161,W Broadway @ D St,42.338923,-71.050952
6535,Franklin St @ Devonshire St,42.355521,-71.057253
16539,Milk St @ Devonshire St,42.356727,-71.05748
6538,Essex St @ Atlantic Ave,42.35176,-71.056003
70201,Government Center - Green Line Eastbound,42.359705,-71.059215
70041,State Street - to Bowdoin,42.358978,-71.057598
28310,Cambridge St @ Saltonstall Bldg - Bowdoin Sq,42.360962,-71.061654
6548,Devonshire St @ Milk St,42.356837,-71.057414
49704,Tremont St @ Beacon St,42.358108,-71.060394
6547,Devonshire St @ State St,42.3586,-71.057309
1799,Ruggles St @ Huntington Ave,42.337523,-71.095101
70246,Museum of Fine Arts - Inbound,42.337711,-71.095512
61391,Huntington Ave @ Forsyth Way,42.339219,-71.092168
81391,Huntington Ave @ Evans Way,42.336885,-71.098086
1259,Malcolm X Blvd opp Madison Park HS,42.330975,-71.089858
1146,42 Dudley St,42.329396,-71.089128
11259,Malcolm X Blvd @ Shawmut Ave,42.329483,-71.086203
1149,205 Roxbury St,42.330096,-71.091343
1178,Washington St @ Bartlett St,42.327638,-71.087124
64,Dudley Station,42.329789,-71.083887
1491,Dudley St @ Warren St,42.328655,-71.082962
1147,Dudley St @ Shawmut Ave,42.328969,-71.086206
1175,Washington St @ St James St,42.327276,-71.087149
1932,Boylston St @ Saint Cecilia St,42.347484,-71.086869
31918,Ipswich St @ Boylston St,42.347033,-71.089273
79,Massachusetts Ave @ Newbury St,42.347888,-71.087903
1930,Ipswich St @ Charlesgate East,42.347441,-71.091268
1920,Ipswich St @ Charlesgate East,42.347531,-71.091822
11390,Dalton St @ Boylston St,42.347779,-71.085476
1577,Blue Hill Ave @ Mt Pleasant Ave,42.325122,-71.07517
1497,Dudley St @ Blue Hill Ave,42.325078,-71.074964
399,Warren St opp Kearsage Ave,42.327386,-71.08331
1575,Blue Hill Ave @ Winthrop St,42.323504,-71.076161
1493,Dudley St @ Greenville St,42.328434,-71.08101
1487,Dudley St @ Hampden St,42.326245,-71.075411
1576,Blue Hill Ave @ Dudley St,42.325122,-71.075019
1498,Dudley St @ Dennis St,42.323643,-71.073931
1579,Blue Hill Ave opp Stafford St,42.322139,-71.077232
289,W 6th St @ E St,42.335827,-71.051409
255,W 7th St @ F St,42.33425,-71.050899
288,W 6th St @ F St,42.334842,-71.0499
160,W Broadway @ E St,42.337921,-71.049404
155,W Broadway @ E St,42.337652,-71.049177
49,Dorchester St @ W 8th St,42.332781,-71.051338
17,Dorchester St @ E 8th St,42.332717,-71.051146
258,E 8th St @ Dorchester St,42.332673,-71.05098
154,W Broadway @ D St,42.338803,-71.050975
6551,Federal St @ Franklin St,42.355286,-71.056411
11891,Pearl St @ Congress St,42.357495,-71.056251
74611,South Station Silver Line - Outbound,42.352271,-71.055242
South Station,South Station,42.35176309,-71.05479665
892,Summer St @ Dorchester Ave,42.351549,-71.052959
221,Atlantic Ave. @ Congress St.,42.353792,-71.053183
191,Congress St @ North St,42.360387,-71.057129
place-bomnl,Bowdoin,42.361365,-71.062037
4511,New Sudbury @ Congress St,42.362361,-71.058551
190,Congress St @ State St,42.358789,-71.056733
51317,Huntington Ave @ Ruggles St,42.337612,-71.095267
71391,Huntington Ave @ Louis Prang St,42.337836,-71.095698
31317,Huntington Ave @ Longwood Ave,42.335831,-71.099868
place-lngmd,Longwood Medical Area,42.33596,-71.100052
1800,Louis Prang St @ Evans Way,42.338412,-71.097203
31318,Longwood Ave @ Huntington Ave,42.33577,-71.099902
1784,Ruggles St @ Huntington Ave,42.337416,-71.095079
11323,Malcolm X Blvd opp O'Bryant HS,42.330605,-71.088421
1145,42A John Eliot Sq,42.329962,-71.091547
11257,Malcolm X Blvd @ King St,42.331197,-71.092692
21148,Malcolm X Blvd @ Tremont St,42.331345,-71.093318
1257,Tremont St @ Prentiss St,42.333071,-71.092378
1144,Centre St @ Highland Ave,42.329657,-71.093032
1150,Centre St @ Gardner St,42.329386,-71.094099
1222,Columbus Ave @ Malcolm X Blvd,42.331191,-71.094468
1179,Washington St @ Guild St,42.326035,-71.087812
40001,Warren St @ Dabney Pl,42.325353,-71.083397
1174,Washington St @ Circuit Terr,42.325827,-71.087772
1180,Washington St @ Cedar St,42.324307,-71.088773
77,Massachusetts Ave @ Marlborough St,42.34995,-71.089148
95,Massachusetts Ave @ Beacon St,42.350773,-71.089334
1929,Ipswich St @ Lansdowne St,42.347221,-71.094218
place-kencl,Kenmore,42.348949,-71.095169
1921,Ipswich St @ Lansdowne St,42.347235,-71.094369
1486,Dudley St @ Magazine St,42.325142,-71.074807
1485,Dudley St @ Langdon St,42.323849,-71.073929
1574,Blue Hill Ave @ Moreland St,42.322776,-71.076673
1484,Dudley St @ E Cottage St,42.321419,-71.072135
401,Warren St @ Walnut Ave,42.323923,-71.082883
1580,Blue Hill Ave @ Irwin St,42.321122,-71.077605
1573,Blue Hill Ave @ W Cottage St,42.320324,-71.077688
396,Warren St @ Moreland St,42.325734,-71.083235
1578,Blue Hill Ave @ Winthrop St,42.323491,-71.076306
1581,Blue Hill Ave @ Clifford St,42.319151,-71.077823
256,W 7th St @ Dorchester St,42.333612,-71.049923
18,180 Dorchester St opp W 7th St,42.333589,-71.049528
159,W Broadway @ F St,42.33693,-71.047877
287,Dorchester St @ Mercer St,42.333763,-71.049134
286,E 8th St @ Dorchester St,42.332782,-71.050957
48,Dorchester St @ W 6th St,42.334118,-71.048751
19,Dorchester St @ Old Harbor St,42.334495,-71.047576
47,Dorchester St @ W 5th St,42.334588,-71.04774
158,442 W Broadway,42.336218,-71.046724
46,Dorchester St @ Broadway,42.335457,-71.045901
156,W Broadway @ F St,42.336663,-71.047645
50,Dorchester St @ Old Colony Ave,42.331696,-71.053061
25800,E 8th St @ Mercer St,42.33154,-71.049154
30287,W 6th S @ Dorchester St,42.334168,-71.048924
16,Dorchester St @ Old Colony Ave,42.331629,-71.052919
285,E 8th St @ Mercer St,42.331495,-71.048888
12891,Pearl St @ High St,42.355395,-71.054079
2116,Purchase St @ Pearl St,42.354588,-71.053278
6550,Lincoln St @ Beach St,42.350963,-71.058458
888,Summer St @ Melcher St,42.350437,-71.050865
891,Summer St opp Melcher St,42.350545,-71.050865
218,Congress St @ Sleeper St,42.351593,-71.050343
222,Atlantic Ave @ Seaport Blvd.,42.354896,-71.051128
30203,Congress St opp Hanover St,42.361096,-71.057627
70025,Haymarket - Orange Line Outbound,42.363021,-71.05829
117,Congress St @ Haymarket Sta,42.361847,-71.057724
92391,677 Huntington Ave,42.335111,-71.102717
1360,Tremont St @ Saint Alphonsus St,42.33303,-71.101383
1320,Tremont St @ Saint Alphonsus St,42.332857,-71.101262
91391,Huntington Ave @ Longwood Ave,42.336046,-71.100251
11780,Ave Louis Pasteur @ Longwood Ave,42.338443,-71.102234
21317,Huntington Ave @ Wigglesworth St,42.334833,-71.102701
11802,Ave Louis Pasteur @ Longwood Ave,42.338487,-71.102344
11148,Malcolm X Blvd @ Madison Park HS,42.331139,-71.090062
1143,Centre St @ Linwood St,42.328574,-71.094998
1224,Tremont St opp Prentiss St,42.332706,-71.092343
1258,Tremont St @ Roxbury Crossing Station,42.331397,-71.095451
1142,Centre St @ Cedar St,42.327778,-71.095518
1173,Washington St opp Cedar St,42.324102,-71.088808
1172,Washington St @ Dale St,42.323294,-71.089573
395,Warren St @ Whiting St,42.323909,-71.082602
1339,Walnut Ave @ St Richard St,42.323534,-71.084009
1341,Walnut Ave @ Rockland St,42.322356,-71.085003
1181,Washington St @ Oakland St,42.323462,-71.0896
1170,Washington St @ ML King Blvd,42.321749,-71.091752
1182,Washington St @ Valentine St,42.321772,-71.091899
1928,Ipswich St @ Boylston St,42.345375,-71.095339
1564,Brookline Ave @ Newbury St,42.348376,-71.097247
1518,Brookline Ave opp Yawkey Way,42.346894,-71.098925
1563,Brookline Ave @ Yawkey Way,42.346694,-71.098982
1923,Boylston St @ Jersey St,42.344621,-71.097778
1499,Dudley St @ W Cottage St,42.321257,-71.072268
14831,Dudley St opp Howard Ave,42.320105,-71.071148
1501,Dudley St @ Alexander St,42.31871,-71.069253
1338,Walnut Ave @ Rockland St,42.322364,-71.084855
404,Warren St opp Waverly St,42.321536,-71.082102
1342,Walnut Ave @ Humboldt Ave,42.320697,-71.086075
393,Warren St @ Woodbine St,42.319956,-71.08138
405,Warren St opp Woodbine St,42.319932,-71.081628
1571,Blue Hill Ave @ Ingleside St,42.317317,-71.077926
1582,Blue Hill Ave @ Edgewood St,42.31715,-71.078086
392,Warren St @ Maywood St,42.318157,-71.081788
1340,Walnut Ave @ Circuit St,42.323789,-71.083852
1570,Blue Hill Ave @ Woodcliff St,42.316121,-71.078104
15820,Blue Hill Ave @ Maywood St,42.315952,-71.078268
394,Warren St @ Waverly St,42.321585,-71.081813
157,W Broadway @ Dorchester St,42.335514,-71.045823
20,Dorchester St @ E Broadway,42.335377,-71.045728
21,E Broadway @ G St,42.335407,-71.044392
45,E Broadway @ G St,42.335505,-71.044151
15,Dorchester St @ Vinton St,42.330711,-71.054541
25202,Preble St @ Vinton St,42.329338,-71.053031
284,E 8th St @ Old Harbor St,42.331286,-71.047299
283,E 8th St @ Covington St,42.331295,-71.046082
51,Dorchester St @ Middle St,42.330763,-71.054677
5201,Preble St @ Old Colony Ave,42.32925,-71.052935
15201,Preble St @ Rogers St,42.329221,-71.055387
259,E 8th St @ Old Harbor St,42.331193,-71.047219
260,E 8th St @ Covington St,42.331204,-71.045994
16551,Congress St @ Franklin St,42.355505,-71.055613
Boat-Rowes,"Rowes Wharf, Boston",42.355721,-71.049897
223,Atlantic Ave @ Rowes Wharf,42.356271,-71.050665
6555,Surface Artery @ Kneeland St,42.350317,-71.059704
238,Congress St @ Sleeper St,42.351431,-71.050259
30239,Congress St @ A St,42.350324,-71.048513
11219,A St @ Necco St,42.348062,-71.050338
26551,Congress St @ Atlantic Ave,42.353297,-71.05335
74616,Courthouse - Inbound,42.35245,-71.04685
11511,Sleeper St @ Seaport Blvd,42.353701,-71.048122
21511,Sleeper St @ Seaport Blvd,42.353217,-71.048279
30233,Atlantic Ave @ Milk St,42.358674,-71.051461
2832,N Washington St @ Thacher St,42.365195,-71.058265
1319,Tremont St opp Wigglesworth St,42.333785,-71.103909
1317,Huntington Ave opp Fenwood Rd,42.334229,-71.104609
1362,Tremont St @ Huntington Ave,42.333906,-71.103897
1322,Tremont St @ Sewall St,42.331819,-71.097819
11781,Ave Louis Pasteur @ The Fenway,42.340233,-71.100839
11803,Longwood Ave @ Binney St,42.338198,-71.105937
1778,Brookline Ave @ Short St,42.340433,-71.105716
1221,Columbus Ave @ Cedar St,42.328012,-71.096921
1141,Centre St @ Marcella St,42.326102,-71.096534
13590,Tremont St @ Tobin Community Center,42.332118,-71.098589
1140,Centre St @ Highland St,42.324791,-71.097571
1153,Centre St @ Columbus Ave,42.324917,-71.09811
1183,Washington St @ Marcella St,42.320851,-71.093122
1337,Humboldt Ave @ Walnut Ave,42.320519,-71.085947
1344,Humboldt Ave @ ML King Blvd,42.319224,-71.086073
1168,Washington St @ Townsend St,42.319958,-71.094067
1185,Washington St @ Dimock St,42.318908,-71.09529
1169,Washington St @ Brinton St,42.320829,-71.092974
1184,Washington St opp Townsend St,42.320155,-71.094006
1167,Washington St opp Dimock St,42.318899,-71.095139
1218,Columbus Ave @ Ritchie St,42.32231,-71.098264
1926,Queensberry St @ Jersey St,42.342769,-71.097113
8993,Brookline Ave opp Newbury St,42.348346,-71.097432
941,Commonwealth Ave @ Blandford St,42.34897,-71.099643
place-bland,Blandford Street,42.349293,-71.100258
Yawkey,Yawkey,42.347581,-71.099974
1927,Jersey St @ Boylston,42.344478,-71.097768
1562,132 Brookline Ave opp Fullerton St,42.344767,-71.101006
951,Commonwealth Ave @ Silber Way,42.349458,-71.10074
1519,Brookline Ave @ Fullerton St,42.344775,-71.101154
1922,Ipswich St @ Boylston St,42.345285,-71.095432
1924,Kilmarnock St @ Peterborough St,42.343165,-71.099663
1500,Dudley St @ Howard Ave,42.320062,-71.071274
11482,Dudley St @ Clifton St,42.318783,-71.069142
Uphams Corner,Uphams Corner,42.31867,-71.069072
1481,Dudley St @ Belden St,42.317531,-71.066085
2910,Columbia Rd @ Dudley St,42.317146,-71.065137
2933,Columbia Rd @ Stoughton St,42.317027,-71.064813
2911,Columbia Rd @ Bird St,42.314688,-71.067432
1335,Humboldt Ave @ ML King Blvd,42.319237,-71.085952
406,Warren St @ ML King Blvd,42.318133,-71.08212
1334,Humboldt Ave @ Humboldt Ct,42.318535,-71.086093
1346,Humboldt Ave @ Townsend St,42.317134,-71.08655
1572,Blue Hill Ave @ Julian St,42.319177,-71.077688
1583,Blue Hill Ave @ Quincy St,42.314697,-71.078834
390,Warren St @ Quincy St,42.316257,-71.082891
13321,Townsend St @ Warren St,42.316456,-71.083459
1345,Humboldt Ave @ Munroe St,42.31808,-71.086321
15661,Blue Hill Ave @ Lawrence Ave,42.313396,-71.079497
1569,Blue Hill Ave @ Quincy St,42.314494,-71.078817
1584,Blue Hill Ave @ Gaston St,42.313309,-71.079686
44,E Broadway @ H St,42.335548,-71.041754
22,E Broadway @ H St,42.335457,-71.04167
43,E Broadway @ I St,42.335594,-71.039686
14,Dorchester St @ Dorchester Ave,42.329603,-71.056819
70084,Andrew - Inbound,42.330154,-71.057655
35201,Old Colony Ave @ McDonough Way,42.328495,-71.052689
25203,Old Colony Ave opp Gavin Way,42.326724,-71.052197
261,E 8th St @ G St,42.331243,-71.043908
281,E 8th St @ H St,42.331405,-71.041311
52,Dorchester St @ Dorchester Ave,42.32974,-71.056808
35202,Preble St @ Dorchester Ave,42.32952,-71.056826
place-aqucl,Aquarium,42.359784,-71.051652
11218,Congress St @ A St,42.350434,-71.048494
215,Northern Ave opp Federal Courthouse,42.353433,-71.047089
2215,B St @ Seaport Blvd,42.350301,-71.042814
890,Summer St @ WTC Ave,42.347405,-71.044125
224,Atlantic Ave @ State St-Marriott Hotel,42.359567,-71.051725
Boat-Long,"Long Wharf, Boston",42.360018,-71.050247
30235,Atlantic Ave @ Commercial Wharf,42.362334,-71.051095
North Station,North Station,42.365551,-71.061251
113,Causeway St @ Canal St,42.365577,-71.06129
1363,Huntington Ave @ Fenwood Rd,42.333739,-71.105717
70252,Fenwood Road - Inbound,42.333706,-71.105728
11799,Ave Louis Pasteur @ The Fenway,42.340274,-71.100979
1806,Brookline Ave @ The Fenway,42.342626,-71.103291
1777,Brookline Ave @ Pilgrim Rd,42.342648,-71.103431
1520,Brookline Ave @ Park Dr,42.343427,-71.102579
1780,Longwood Ave @ Blackfan St,42.337646,-71.10499
1804,Brookline Ave @ Longwood Ave,42.339006,-71.107116
1559,Brookline Ave @ Deaconess Rd,42.337877,-71.108336
1805,Brookline Ave opp Short St,42.340427,-71.105568
1523,Brookline Ave @ Francis St,42.336893,-71.109515
1521,Brookline Ave @ Longwood Ave,42.338829,-71.107465
70182,Longwood - Inbound,42.341145,-71.110451
1260,Columbus Ave @ New Cedar St,42.328067,-71.09731
1755,Heath St @ Wensley St,42.326453,-71.100404
1262,Columbus Ave @ Heath St,42.325028,-71.098483
1752,Heath St @ Parker St,42.326069,-71.100399
1154,Heath St @ Bromley St,42.325366,-71.099579
1219,Columbus Ave @ Centre St,42.325015,-71.09808
70007,Jackson Square - Inbound,42.323132,-71.099592
1264,Columbus Ave @ Amory St,42.322363,-71.098628
1753,34 Heath St opp Bromley St,42.325262,-71.099639
1216,Columbus Ave @ Dimock St,42.319449,-71.09816
1166,Washington St @ Cobden St,42.317579,-71.096449
1332,Humboldt Ave @ Townsend St,42.316934,-71.086503
1186,Washington St @ Bragdon St,42.317415,-71.096775
1265,Columbus Ave @ Dimock St,42.319662,-71.09854
1215,Columbus Ave @ Bray St,42.317244,-71.098115
1165,Washington St @ W Walnut Pk,42.316446,-71.097563
1267,Columbus Ave @ Washington St,42.315895,-71.098397
1266,Columbus Ave @ W Walnut Pk,42.317066,-71.098434
1925,Kilmarnock St @ Queensberry St,42.342318,-71.099287
952,Commonwealth Ave @ Granby St,42.349831,-71.103801
70146,Boston Univ East - Inbound,42.349735,-71.103889
939,Commonwealth Ave @ Hinsdale St,42.349397,-71.103055
9441,Brookline Ave @ Boylston St,42.343419,-71.102432
9434,Park Dr @ Fenway Sta,42.345394,-71.104187
11520,Park Dr @ Fenway Sta,42.343905,-71.103283
2934,Columbia Rd @ Annabel St,42.318446,-71.063442
1479,Hancock St @ Jerome St,42.31491,-71.065813
1480,Columbia Rd @ Hancock St,42.316363,-71.065765
1503,Columbia Rd opp Cushing Ave,42.31678,-71.065682
11501,Dudley St @ Virginia St,42.317585,-71.066499
362,Columbia Rd @ Holden St,42.31871,-71.06357
1504,Hancock St @ Bird St,42.314891,-71.065955
12932,Columbia Rd @ Bird St,42.314492,-71.067211
2932,Columbia Rd @ Glendale St,42.312835,-71.068184
2912,Columbia Rd @ Glendale St,42.312642,-71.068632
1506,Hancock St @ Trull St,42.312677,-71.064654
407,Warren St @ Townsend St,42.316227,-71.083032
1331,Humboldt Ave @ Wyoming St,42.315716,-71.08735
1585,Blue Hill Ave @ Brunswick St,42.311448,-71.081148
410,Warren St @ Waumbeck St,42.313262,-71.083653
388,Warren St @ Gaston St,42.313452,-71.08356
1567,Blue Hill Ave @ Intervale St,42.311776,-71.080747
387,Warren St @ Intervale St,42.312317,-71.08298
15660,Blue Hill Ave @ Devon St,42.310723,-71.081571
1586,Blue Hill Av @ Stanwood St,42.310143,-71.082173
23,E Broadway @ I St,42.335495,-71.04012
24,E Broadway @ K St,42.335528,-71.037553
280,E 8th St @ I St,42.331426,-71.039724
42,E Broadway @ K St,42.335626,-71.037312
262,E 8th St @ H St,42.331302,-71.041552
25,E Broadway @ L St,42.335567,-71.03554
886,L St @ Broadway,42.335769,-71.035365
885,Summer St @ E 1st St,42.338215,-71.035547
2905,Boston St @ Ellery St,42.328459,-71.057733
298,Dorchester Ave opp Kemp St,42.326944,-71.056938
29052,South Bay Mall @ Target,42.329972,-71.061719
359,Dorchester Ave @ Kemp St,42.326765,-71.056806
5203,Old Colony Ave @ Msgr O'Callaghan Way,42.324449,-71.05251
299,Dorchester Ave @ Howell St,42.324666,-71.056909
263,E 8th St @ I St,42.331328,-71.039961
279,E 8th St @ K St,42.331469,-71.037505
12940,Boston St @ Fr Songin Way,42.328037,-71.057845
236,Atlantic Ave @ State St,42.359538,-71.052475
Boat-Aquarium,"Central Wharf (Aquarium), Boston",42.358915,-71.050242
214,Seaport Blvd @ World Trade Center Opp. Seaport Htl,42.349922,-71.041347
74615,World Trade Center - Inbound,42.34863,-71.04246
212,Summer St @ D St,42.346394,-71.042196
74614,Silver Line Way before Manulife Building,42.347188,-71.038846
226,Commercial St @ Fleet St,42.364082,-71.051027
234,Commercial St @ Fleet St,42.363939,-71.051147
233,Commercial St @ Battery St,42.366409,-71.051526
2829,N Washington St @ Medford St,42.365749,-71.058505
1315,Huntington Ave @ Parker Hill Ave,42.333092,-71.109678
1365,835 Huntington Ave opp Parker Hill Ave,42.33328,-71.109273
place-mispk,Mission Park,42.333195,-71.109756
1558,Brookline Ave @ Francis St,42.336887,-71.109367
1779,Longwood Ave @ Brookline Ave,42.338789,-71.107165
1524,Brookline Ave @ Aspinwall Ave,42.334825,-71.111669
1557,Brookline Ave opp Aspinwall Ave,42.334819,-71.111517
70214,Hawes Street - Inbound,42.344906,-71.111145
70216,Kent Street - Inbound,42.344074,-71.114197
1151,Centre St @ Cedar St,42.327548,-71.095812
1751,106 Heath St opp Bickford Ave,42.326316,-71.101936
1152,Centre St @ New Heath St,42.326053,-71.096665
1756,107 Heath St opp Bickford Ave,42.326391,-71.102195
1155,Centre St @ Bickford St,42.32295,-71.102275
1138,Centre St @ Estrella St,42.322856,-71.102979
1187,Washington St @ Columbus Ave,42.316299,-71.097858
1188,1990 Columbus Ave,42.315394,-71.097816
10413,Columbus Ave @ Weld Ave,42.315067,-71.097752
1350,Humboldt Ave @ Waumbeck St,42.314699,-71.088322
1330,Humboldt Ave @ Waumbeck St,42.314496,-71.088338
11187,Washington St @ School St,42.314697,-71.099462
35236,Washington St @ School St,42.314494,-71.099496
11413,Columbus Ave @ Walnut Ave,42.313283,-71.095326
938,Commonwealth Ave @ St Marys St,42.349788,-71.106391
1809,Park Dr @ Mountfort St,42.348313,-71.105903
70144,Boston Univ Central - Inbound,42.350082,-71.106865
1808,Park Dr @ Beacon St,42.3471,-71.105198
1775,Park Dr @ Beacon St,42.346727,-71.105259
70211,Saint Mary Street - Outbound,42.345974,-71.107353
2935,Columbia Rd @ Massachusetts Ave,42.320257,-71.061598
124,Massachusetts Ave @ Columbia Rd,42.320623,-71.061567
135,Columbia Rd @ Pond St,42.319947,-71.059926
2937,Boston St @ Mayhew St,42.321914,-71.061132
134,Massachusetts Ave @ Columbia Rd,42.320516,-71.061612
123,Columbia Rd opp Pond St,42.320046,-71.059996
1478,Hancock St @ Rowell St,42.312676,-71.06448
2913,Columbia Rd @ Quincy St,42.311271,-71.070413
2914,Columbia Rd @ Hamilton St,42.310291,-71.072279
2931,Columbia Rd @ Quincy St,42.31118,-71.070077
2930,Columbia Rd @ Hamilton St,42.310128,-71.072044
1475,Hancock St @ Bowdoin St,42.311316,-71.062663
1509,Bowdoin St @ Tovar St,42.310103,-71.063141
14731,Bowdoin St @ Adams St,42.308937,-71.064051
1351,Humboldt Ave @ Crawford St,42.313142,-71.089559
411,Warren St @ Brunswick St,42.311705,-71.082984
412,Warren St @ Crawford St,42.310421,-71.083262
568,Geneva Ave @ Blue Hill Ave,42.308694,-71.082804
386,Warren St @ Sunderland St,42.310509,-71.083162
1566,Blue Hill Ave opp Warren St,42.30962,-71.082454
471,Washington St @ Blue Hill Ave,42.307874,-71.082884
385,Blue Hill Ave @ Castlegate Rd,42.307446,-71.08374
41,E Broadway @ L St,42.335658,-71.035628
879,L St @ Broadway,42.335704,-71.035488
880,L St @ E 2nd St,42.337375,-71.035546
896,E Broadway @ M St,42.335716,-71.033229
265,E 8th St @ L St,42.331409,-71.03539
282,E 8th St @ G St,42.331329,-71.044314
26,E Broadway @ M St,42.335601,-71.033177
895,E Broadway @ N St,42.335747,-71.031442
27,E Broadway @ N St,42.335642,-71.031087
8851,East 1st St @ M St,42.338103,-71.033218
208,Summer St @ Powerhouse St,42.339963,-71.035615
2940,Boston St @ Rawson St,42.326245,-71.058648
29051,South Bay Mall @ Office Max,42.327428,-71.06158
2906,Boston St opp Washburn St,42.325805,-71.058965
2907,Boston St @ W Howell St,42.325142,-71.059251
11241,South Bay Mall @ Target,42.329919,-71.061783
9955,240 Southampton St,42.331049,-71.064668
5202,Old Colony Ave @ Gavin Way,42.326951,-71.052634
357,Dorchester Ave @ Locust St,42.323299,-71.056756
70096,JFK/UMASS Braintree - Inbound,42.320685,-71.052391
358,Dorchester Ave opp Howell St,42.324726,-71.056787
300,Dorchester Ave @ Dorset St,42.323237,-71.056879
2908,Boston St opp Harvest St,42.323524,-71.060353
264,E 8th St @ K St,42.331379,-71.037417
278,E 8th St @ L St,42.331504,-71.035149
277,E 8th St @ M St,42.331537,-71.033111
225,Atlantic Ave @ Commercial Wharf,42.362144,-71.051041
242,Seaport Blvd @ Seaport Hotel,42.34956,-71.040905
889,Summer St opp WTC Ave,42.347227,-71.044188
74624,Silver Line Way after Manulife Building,42.347056,-71.038814
244,Summer St @ E St,42.345211,-71.04073
210,Summer St @ Dry Dock Ave,42.344381,-71.039016
30256,Dry Dock Ave @ Harbor St,42.344669,-71.037379
246,Summer St @ Pappas Way,42.344167,-71.039113
230,Commercial St. @ Hanover St.,42.367193,-71.052338
231,Commercial St. opp. Hull St.,42.367838,-71.057329
2833,N Washington St @ Commercial St,42.367429,-71.058734
place-rvrwy,Riverway,42.331684,-71.111931
1314,Huntington Ave @ S Huntington Ave,42.33182,-71.112179
6575,S Huntington Ave @ Huntington Ave,42.33187,-71.111965
21365,S Huntington Ave @ Huntington Ave,42.331803,-71.112061
1525,Brookline Ave @ Pearl St,42.332805,-71.113834
11809,Mountfort St @ Carlton St,42.348846,-71.108581
place-stpul,Saint Paul Street,42.343327,-71.116997
1757,177 Heath St opp Walden St,42.326137,-71.105107
1750,Heath St @ Walden St,42.326014,-71.104744
1758,Heath St opp Hennigan School,42.326385,-71.106222
1156,Centre St @ Sunnyside St,42.322676,-71.105716
1743,Columbus Ave @ Walnut Ave,42.313537,-71.095103
21187,Washington St @ Montebello Rd,42.312558,-71.101557
25236,Washington St @ Montebello Rd,42.312358,-71.101591
1328,Humboldt Ave @ Crawford St,42.313354,-71.08924
1352,Humboldt Ave @ Homestead St,42.31199,-71.090502
1326,Humboldt Ave @ Hutchings St,42.311245,-71.090936
17421,Seaver St opp Harold St,42.311987,-71.0937
1353,Humboldt Ave @ Hutchings St,42.311237,-71.091087
953,Commonwealth Ave @ St Marys St,42.350162,-71.10663
1773,Mountfort St @ Lenox St,42.349273,-71.109993
937,Commonwealth Ave @ Carlton St,42.350075,-71.108712
2909,Boston St opp Mayhew St,42.322139,-71.061187
122,Columbia Rd @ Dorchester Ave,42.32066,-71.056974
302,Dorchester Ave @ Columbia Rd,42.320797,-71.056837
125,Massachusetts Ave @ Clapp St,42.323479,-71.063945
133,Massachusetts Ave opp Clapp St,42.323547,-71.064269
303,Dorchester Ave @ Edison Green,42.319927,-71.056824
136,Columbia Rd @ Dorchester Ave,42.320719,-71.056549
354,Dorchester Ave @ Crescent Ave,42.318751,-71.056646
2938,Boston St @ Dorset St,42.324096,-71.059813
2915,Columbia Rd opp Wyola Pl,42.308461,-71.075087
2928,Columbia Rd @ Devon St,42.307551,-71.075758
563,Geneva Ave @ Olney St,42.304877,-71.07385
1512,Bowdoin St @ Hamilton St,42.306327,-71.066982
1510,Bowdoin St @ Hendry St,42.308815,-71.064326
2916,Columbia Rd @ Devon St,42.307465,-71.076246
1471,Bowdoin St @ Hamilton St,42.306127,-71.067043
1508,Hancock St @ Bowdoin St,42.310318,-71.062716
1473,Bowdoin St @ Quincy St,42.308158,-71.064859
350,Dorchester Ave @ Dewar St,42.310088,-71.057799
13121,Dewar St @ Dorchester Ave,42.309967,-71.057763
1472,Bowdoin St opp Elba Terr,42.307568,-71.065473
1474,Bowdoin St @ Winter St,42.310208,-71.062685
1327,Humboldt Ave @ Homestead St,42.311784,-71.090515
1354,Humboldt Ave @ Seaver St,42.310086,-71.092009
17411,Seaver St opp Humboldt Ave,42.309682,-71.092111
470,Washington St @ Blue Hill Ave,42.307571,-71.082555
472,Washington St @ Jeremiah Burke HS,42.306279,-71.081657
469,Washington St @ Joe L Smith Way,42.306164,-71.081349
413,Blue Hill Ave @ Wayne St,42.306888,-71.08442
384,Blue Hill Ave @ Pasadena Rd,42.305939,-71.08439
414,Blue Hill Ave @ Seaver St,42.305649,-71.084754
567,Geneva Ave @ Jeremiah Burke High School,42.307223,-71.079805
33,City Point Bus Terminal,42.338586,-71.031898
28,E Broadway @ O St,42.335672,-71.029038
275,E 8th @ Columbia Rd,42.331565,-71.030048
884,Summer St @ E 1st St,42.33828,-71.035424
10033,E 1st St @ O St,42.338176,-71.029444
10032,E 1st St opp O St,42.338274,-71.029203
35,P St @ E Broadway,42.335837,-71.027246
29,E Broadway @ P St,42.335698,-71.027303
295,P St @ E 5th St,42.334111,-71.027196
31255,Dry Dock Ave @ Design Center Place,42.3446,-71.034476
2939,Boston St @ Howell St,42.325163,-71.059106
11242,South Bay Mall @ Office Max,42.327477,-71.061819
Newmarket,Newmarket,42.326701,-71.066314
10010,Southampton St @ Newmarket St,42.330944,-71.064621
56,Southampton St @ Atkinson St,42.331969,-71.06927
20009,Massachusetts Ave @ Peirson St,42.329579,-71.069264
30009,Massachusetts Ave @ Magazine St,42.328065,-71.068054
8,Massachusetts Ave @ Island St,42.331202,-71.070724
40009,Newmarket St @ Massachusetts Ave,42.32664,-71.066418
301,Dorchester Ave @ Mt Vernon St,42.321708,-71.056845
JFK/UMASS,JFK/UMASS,42.321123,-71.052555
138,Mt Vernon St @ Bay Side Expo Center,42.319967,-71.048782
355,Dorchester Ave @ Columbia Rd,42.320615,-71.056709
266,E 8th St @ M St,42.331439,-71.033352
267,E 8th St @ N St,42.331477,-71.031299
268,Columbia Rd @ O St,42.331782,-71.029045
247,Northern Ave @ Harbor St,42.346634,-71.035301
31256,Northern Ave opp Harbor St,42.346538,-71.034878
31257,Northern Ave @ Tide St,42.345192,-71.031996
70258,Back of the Hill - Inbound,42.330139,-71.111313
1556,678 Brookline Ave opp Pearl St,42.332285,-71.114167
1366,Huntington Ave @ Riverway,42.332009,-71.112606
place-bvmnl,Brookline Village,42.332774,-71.116296
1555,Washington St @ Walnut,42.331549,-71.116483
954,Commonwealth Ave @ University Rd,42.350453,-71.108831
1810,Commonwealth Ave @ University Rd,42.35075,-71.109976
1372,Harvard St @ Beacon St,42.342116,-71.121263
1309,Harvard St @ Marion St,42.339637,-71.121038
1747,Heath St @ VA Hospital,42.32732,-71.108468
1137,Centre St @ Mozart St,42.322684,-71.104662
1136,Centre St @ Wyman St,42.322458,-71.106967
1749,Heath St opp Hayden St,42.326759,-71.107055
1760,Heath St opp VA Hospital,42.32743,-71.10846
31365,S Huntington Ave opp VA Hospital,42.326625,-71.111437
70260,Heath Street - Inbound,42.328681,-71.110559
1135,Centre St @ Sheridan St,42.322164,-71.10904
1134,Centre St @ Paul Gore St,42.320854,-71.110549
15236,Washington St @ Sylvia St,42.310567,-71.103348
5236,Washington St @ Glen Rd,42.309317,-71.104587
place-grnst,Green Street,42.310525,-71.107414
1742,Seaver St @ Harold St,42.312097,-71.093321
1325,Humboldt Ave @ Seaver St,42.3101,-71.09188
1741,Seaver St @ Humboldt Ave,42.310073,-71.09216
70143,Boston Univ West - Outbound,42.350941,-71.113876
304,Dorchester Ave @ Cottage St,42.31861,-71.056785
126,Massachusetts Ave @ Allstate Rd,42.324659,-71.064919
29050,South Bay Mall @ Stop and Shop,42.326354,-71.064512
10134,Massachusetts Ave @ NStar,42.324778,-71.065219
11243,South Bay Mall @ Stop and Shop,42.326421,-71.064691
131,Massachusetts Ave @ Shirley St,42.326624,-71.066809
305,Dorchster Ave @ Howes St,42.317797,-71.056787
306,Dorchester Ave @ Mayfield St,42.316398,-71.056738
2918,Columbia Rd @ Geneva Ave,42.306216,-71.078321
566,Geneva Ave @ Columbia Rd,42.306277,-71.07851
564,198 Geneva Ave,42.305194,-71.076651
551,Geneva Ave opp Olney St,42.304876,-71.074293
2926,Columbia Rd @ Geneva Ave,42.306047,-71.078042
565,Geneva Ave @ Columbia Rd,42.306001,-71.078119
549,Geneva Ave @ Columbia Rd,42.305891,-71.078142
550,191 Geneva Ave,42.304962,-71.07578
562,Geneva Ave @ Bowdoin St,42.303532,-71.071545
552,Geneva Ave @ Bowdoin St,42.303422,-71.071564
1468,Bowdoin St @ Geneva Ave,42.303506,-71.071275
1514,Bowdoin St @ Eunice St,42.304293,-71.069728
1469,169 Bowdoin St opp Eunice St,42.304268,-71.06958
11512,Bowdoin opp Mt Ida,42.307218,-71.066004
561,Geneva Ave @ Levant St,42.303035,-71.070724
Four Corners / Geneva,Four Corners/Geneva,42.305037,-71.076833
1470,Bowdoin St @ Norton St,42.305431,-71.067931
1511,Bowdoin St @ Quincy St,42.308167,-71.06501
15100,St Peters Sq @ Church,42.308101,-71.064371
317,Dorchester Ave @ Hancock St,42.308194,-71.058359
180,Bay St @ Auckland St,42.311134,-71.056723
349,Dorchester Ave @ Hoyt St,42.308242,-71.058222
351,Dorchester Ave @ Savin Hill Ave,42.312997,-71.057141
70088,Savin Hill - Inbound,42.31129,-71.053331
309,Dorchester Ave @ Thornley Rd,42.313795,-71.057082
3176,Dorchester Ave @ Hecla St,42.307117,-71.058617
1740,Seaver St @ Elm Hill Ave,42.307599,-71.088811
17401,Seaver St opp Elm Hill Ave,42.307515,-71.089263
468,Washington St @ Columbia Rd,42.305459,-71.0807
2925,Columbia Rd @ Washington St,42.305402,-71.080253
2920,Columbia Rd @ Seaver St,42.30431,-71.082426
2924,Columbia Rd @ Seaver St,42.304183,-71.082124
9448,Seaver St @ Blue Hill Ave,42.305629,-71.085316
17391,Seaver St opp Maple St,42.306637,-71.087686
1739,Seaver St @ Maple St,42.306761,-71.087237
2921,Columbia Rd. @ Blue Hill Ave,42.303536,-71.084907
2904,Columbia Rd. @ Wolcott,42.303376,-71.083527
415,Blue Hill Ave opp Columbia Rd - Franklin Park Zoo,42.303293,-71.08537
34,P St @ E 2nd St,42.337528,-71.027304
30,E Broadway @ Farragut Rd,42.335738,-71.02519
10031,E 1st St @ P St,42.338307,-71.027132
270,Columbia Rd @ P St,42.332487,-71.027186
30270,Columbia Rd @ Farragut Rd,42.333,-71.025129
30271,Farragut Rd opp E Fifth St,42.334239,-71.024965
30272,Farragut Rd @ Broadway,42.335697,-71.025006
296,P St @ Columbia Rd,42.332657,-71.027166
30249,Northern Ave @ Tide St,42.34508,-71.031986
30250,23 Dry Dock Ave,42.344654,-71.029955
128,1010 Massachusetts Ave opp Magazine St,42.327984,-71.067744
10,Theo Glynn Way @ Newmarket Sq,42.330555,-71.068787
9960,Massachusetts Ave @ Theo Glynn Way,42.329903,-71.069388
51111,Mt Vernon St @ Bayside Expo Center,42.320175,-71.048754
41111,250 Mt Vernon St @ Geiger Gibson Health Center,42.319426,-71.046541
1139,Mt Vernon St opp Harbor Point Blvd,42.318448,-71.044237
31111,Mt Vernon St opp Paul A. Dever School,42.317984,-71.042713
31258,88 Black Falcon,42.343754,-71.02633
22365,105 S Huntington Ave,42.329368,-71.111046
1526,Washington St @ Pearl St,42.331939,-71.116843
1285,Washington St @ Station St,42.332199,-71.118092
1367,Harvard St @ Kent St,42.33326,-71.118666
1286,Washington St @ Harvard St,42.333022,-71.118833
11366,Pearl St @ Washington St,42.331935,-71.116287
1527,Walnut St @ High St,42.331236,-71.117507
1313,Harvard St @ Washington St,42.332975,-71.118774
70224,Summit Avenue - Inbound,42.34111,-71.12561
1371,Harvard St opp Vernon St,42.338226,-71.121312
1310,Harvard St @ Harris St,42.337914,-71.121506
1158,Centre St @ Creighton St,42.322368,-71.108661
1159,Centre St @ Barbara St,42.321093,-71.110544
6570,S Huntington Ave @ Perkins St,42.321698,-71.112025
11609,Centre St @ S Huntington Ave,42.320086,-71.111338
6573,S Huntington Ave @ VA Hospital,42.326594,-71.111284
65741,100 S Huntington Ave,42.329401,-71.11093
51365,S Huntington Ave @ Bynner St,42.323986,-71.112327
11131,Centre St @ Roseway,42.318993,-71.111932
61365,S Huntington Ave @ Perkins St,42.32172,-71.112195
6571,S Huntington Ave @ Bynner St,42.32381,-71.112191
1161,Centre St @ Lochstead Ave,42.317365,-71.113229
31187,Washington St @ Ophir St,42.310666,-71.103395
15235,Washington St @ Rockvale Circle,42.307649,-71.106227
61187,Washington St @ Williams St,42.306577,-71.10745
51187,Washington St @ Union Ave,42.307485,-71.106554
5234,Washington St @ Brookley Rd,42.304717,-71.109133
41187,Washington St @ Green St,42.309517,-71.104541
1129,Centre St @ Seaverns Ave,42.312198,-71.114144
956,Commonwealth Ave @ Buick St,42.35131,-71.115933
70140,Saint Paul Street - Inbound,42.3512,-71.116104
934,Commonwealth Ave @ Pleasant St,42.35123,-71.118201
70138,Pleasant Street - Inbound,42.351521,-71.118889
353,Dorchester Ave @ Romsey St,42.316216,-71.056606
308,Dorchester Ave @ Pearl St,42.314724,-71.056864
352,Dorchester Ave @ Belfort St,42.315311,-71.056616
2919,Columbia Rd @ Washington St,42.305519,-71.080507
473,Washington St @ Columbia Rd,42.305298,-71.080324
467,Washington St opp Erie St,42.303388,-71.078466
475,Washington St @ Erie St,42.303224,-71.078524
1515,Bowdoin St @ Geneva Ave,42.303498,-71.071427
553,Geneva Ave @ Holiday St,42.302292,-71.069671
1513,Bowdoin St @ Olney St,42.305292,-71.068298
559,Geneva Ave @ Topliff St,42.301443,-71.068069
560,Geneva Ave @ Holiday St,42.302248,-71.069383
554,Geneva Ave @ Westville St,42.301075,-71.06761
312,Auckland St @ Dewar St,42.309914,-71.056946
348,Dorchester Ave @ Linden St,42.305898,-71.058749
90311,Dorchester Ave @ Melvinside Ter,42.311856,-71.05752
347,Dorchester Ave @ Kimball St,42.304141,-71.059131
318,Dorchester Ave @ Linden St,42.306096,-71.058836
2923,Old Rd @ Ellington St,42.302694,-71.084651
1587,Franklin Park Zoo @ Entrance,42.303124,-71.08595
383,Blue Hill Ave @ Ellington St - Franklin Park Zoo,42.302768,-71.085185
1565,Franklin Park Loop @ Zoo entrance,42.302273,-71.086506
2922,Glen Ln @ Blue Hill Ave - Franklin Park Zoo,42.301806,-71.086667
416,Blue Hill Ave opp Glenway St,42.301829,-71.085877
32,Farragut Rd opp E 2nd St,42.337629,-71.025051
139,263 Mt Vernon St @ St Christopher's Church,42.319312,-71.046863
42111,Mt Vernon St @ Harbor Point Blvd.,42.318561,-71.044262
140,Mt Vernon St @ Paul A. Dever School,42.317913,-71.042799
142,Mt Vernon St @ South Point Dr,42.317071,-71.040217
21111,Perimeter Rd @ JFK Library,42.314413,-71.03638
1283,Washington St @ Harvard St,42.332915,-71.118878
1369,Harvard St @ Aspinwall Ave,42.336098,-71.120612
1311,Harvard St @ School St,42.335832,-71.120492
1282,Washington St @ Cypress St,42.334528,-71.122877
1554,High St @ Cumberland Ave,42.327864,-71.119112
70225,Brandon Hall - Outbound,42.340023,-71.129082
1306,Harvard St @ Shailer St,42.343974,-71.124518
1290,Washington St opp Gardner Rd,42.338505,-71.128916
1287,Washington St @ School St,42.334729,-71.123209
1288,Washington St opp Greenough St,42.335239,-71.124648
1280,Washington St @ Gardner Path,42.336982,-71.12648
1281,Washington St @ Greenough Circle,42.335129,-71.124667
1289,Washington St @ Griggs Rd,42.337403,-71.126747
1160,S Huntington Ave @ Moraine St,42.319618,-71.111729
1132,Centre St @ Robinwood Ave,42.316951,-71.113368
1164,Centre St @ Myrtle St,42.313306,-71.11416
11164,Centre St @ Burroughs St,42.311466,-71.1145
5235,Washington St @ Rossmore Rd,42.305395,-71.10846
71187,Washington St opp Brookley Rd,42.304764,-71.10924
5233,Washington St opp Burnett St,42.303705,-71.1101
547,500 Arborway,42.301072,-71.107136
520,Arborway @ Washington St,42.301153,-71.111709
1936,South St @ Spalding St,42.303741,-71.114635
2006,South St @ Jamaica St,42.306131,-71.115091
11521,131 Morton St,42.300136,-71.106422
1939,775 Centre St,42.309949,-71.115345
1128,South St @ Sedgwick St,42.308588,-71.115487
1938,South St @ Carolina Ave,42.307801,-71.115454
1940,Centre St @ Aldworth St,42.308799,-71.118664
933,Commonwealth Ave @ Babcock St,42.351568,-71.121168
place-babck,Babcock Street,42.35182,-71.12165
935,Commonwealth Ave @ St Paul St,42.350811,-71.114856
959,1079 Commonwealth Ave,42.352224,-71.123515
465,Washington St @ Vassar St.,42.300899,-71.075905
558,Geneva Ave @ Westville St,42.300925,-71.067152
557,452 Geneva Ave opp Bloomfield St,42.299875,-71.065374
555,Geneva Ave @ Dakota St,42.300335,-71.066358
556,Geneva Ave @ Tonawanda St,42.299473,-71.064885
55600,Fields Corner Sta @ Geneva Ave,42.299024,-71.063789
346,Dorchester Ave @ Adams St,42.301415,-71.059788
70089,Fields Corner - Outbound,42.300093,-71.061667
319,Dorchester Ave @ Ellet St,42.304333,-71.059214
382,Blue Hill Ave @ Charlotte St,42.300527,-71.085882
381,Blue Hill Ave @ Wales St,42.298519,-71.086576
417,Blue Hill Ave @ American Legion Hwy,42.297749,-71.087228
111,Mt Vernon St @ South Point Dr,42.317184,-71.040238
11111,UMass Boston Busway,42.312007,-71.036114
1529,High St @ Oakland Rd,42.326268,-71.120223
1530,Cypress St opp Henry St,42.325425,-71.1219
1552,High St @ Cypress St,42.324798,-71.121275
1531,Cypress St @ Rice St,42.327164,-71.124167
70228,Fairbanks Street - Inbound,42.339725,-71.131073
1279,Washington St @ Gardner Rd,42.338412,-71.129157
1278,Washington St @ Winthrop Path,42.338307,-71.131602
1304,Harvard St @ Coolidge St,42.345707,-71.127662
place-brkhl,Brookline Hills,42.331333,-71.126999
1130,Centre St @ Saint John St,42.314197,-71.114036
11939,Centre St @ Eliot St,42.309651,-71.115764
99991,South St @ Bardwell St,42.308378,-71.115619
2003,Centre St @ Ballard St,42.308723,-71.11811
1941,Centre St @ Orchard St,42.308976,-71.120002
2002,Centre St @ Arborway,42.308948,-71.120575
2007,South St @ St Rose St,42.304396,-71.114769
521,Arborway @ Shea Circle,42.300563,-71.10737
1937,South St @ Child St,42.306545,-71.115144
10642,Forest Hills Station Upper Busway,42.300523,-71.113686
522,Circuit Dr @ Shattuck Hospital,42.30078,-71.102356
546,Morton St @ Shattuck Hospital,42.298757,-71.102065
5241,Centre St @ Hillcroft Rd,42.308264,-71.122782
70134,Packards Corner - Inbound,42.351967,-71.125031
931,Brighton Ave @ Comm Ave,42.352041,-71.125451
958,Commonwealth Ave @ Babcock St,42.35197,-71.121441
477,Washington St @ Vassar St,42.300747,-71.075843
478,Washington St @ Harvard St,42.299263,-71.073662
461,Washington St opp Algonquin St,42.297609,-71.07253
322,Geneva Ave opp Vinson St,42.299071,-71.064001
325,Park St Busway @ Dorchester Ave,42.298249,-71.060935
3089,Gibson St @ Dorchester Ave,42.29727,-71.060947
3065,Gibson St @ Dorchester Ave,42.297202,-71.060828
345,Dorchester Ave opp Charles St,42.300648,-71.059987
3066,Gibson St @ Adams St,42.298154,-71.057136
326,Dorchester Ave opp Gibson St,42.297293,-71.061082
320,Dorchester Ave @ Adams St,42.301648,-71.059816
1737,Blue Hill Ave @ Talbot Ave,42.295316,-71.087607
378,Talbot Ave @ Nightingale St,42.294378,-71.086043
1736,Blue Hill Ave opp Health Ctr,42.294063,-71.087959
419,Blue Hill Ave @ Angell St,42.295595,-71.087913
1706,Blue Hill Ave @ Harvard St,42.294679,-71.088186
420,Talbot Ave opp Nightingale St,42.294216,-71.085853
86500,American Legion Hwy @ Franklin Hill Ave,42.295767,-71.092219
1551,Cypress St @ Franklin St,42.325556,-71.122295
1550,Cypress St @ Kendall St,42.327269,-71.1244
1549,Cypress St @ Walnut,42.328548,-71.126042
1528,High St opp Edgehill Rd,42.327678,-71.119349
1547,Boylston St @ Kennard Rd,42.329502,-71.128441
15291,High St @ Cypress St,42.32485,-71.121404
1553,High St @ Highland Rd,42.326067,-71.120199
1532,Cypress St @ Walnut St,42.32844,-71.125809
1548,Cypress St @ Milton Rd,42.329465,-71.126136
1533,Boylston St @ Clark Rd,42.329739,-71.128527
1292,Washington St @ Beacon St,42.339394,-71.13533
1373,Harvard St @ Stedman St,42.344321,-71.124866
1376,Harvard St opp Verndale St,42.348572,-71.129451
70131,Harvard Avenue - Outbound,42.350243,-71.131355
34589,Tappan St @ Greenough St,42.332287,-71.129178
5231,Centre St @ Arborway Rotary,42.308216,-71.122487
5230,Centre St opp Louders Ln,42.305854,-71.12422
Forest Hills,Forest Hills,42.300635,-71.114009
21587,Circuit Dr opp Shattuck Hospital,42.300863,-71.102447
5232,Morton St opp Shattuck Hospital,42.298847,-71.102584
76479,Hyde Park Ave @ Walk Hill St,42.296076,-71.116079
11587,Circuit Dr @ Glen Ln,42.305236,-71.094725
545,Morton St @ Canterbury St,42.293172,-71.09632
10418,American Legion Hwy opp Franklin Hill Ave,42.295828,-71.092507
5229,Centre St opp Rambler Rd,42.304521,-71.124579
5244,Centre St @ Westchester Rd,42.302968,-71.125398
960,19 Brighton Ave,42.352433,-71.126222
929,Brighton Ave @ Linden St,42.352634,-71.130335
1378,Harvard Ave @ Commonwealth Ave,42.350093,-71.130753
480,Washington St @ Algonquin St,42.297619,-71.072684
460,Washington St @ Park St,42.295592,-71.07205
463,Washington St @ Bowdoin St,42.299503,-71.073723
483,Washington St @ Wheatland Ave,42.293796,-71.071986
343,Dorchester Ave @ Gibson St,42.297101,-71.061006
342,Dorchester Ave @ Parkman St,42.29603,-71.061336
3088,Gibson St @ Adams St,42.298223,-71.057257
327,Dorchester Ave @ Melville Ave,42.296156,-71.0614
328,1621 Dorchester Ave opp Dix St,42.295155,-71.061707
341,Dorchester Ave @ Dix St,42.294957,-71.061634
8326,Adams St @ Parkman St,42.297185,-71.056697
3067,Neponset Ave @ Adams St King Square,42.297184,-71.056392
8680,Adams St @ Centre St,42.295291,-71.056269
3068,Neponset Ave @ Victory Rd,42.295775,-71.054336
10417,American Legion Hwy @ Blue Hill Ave,42.298267,-71.087238
1735,Blue Hill Ave @ Westview St,42.291296,-71.088891
376,Talbot Ave @ Kerwin St,42.293345,-71.082526
421,Talbot Ave opp Kerwin St,42.293177,-71.082315
11708,Blue Hill Ave opp Westview St,42.291317,-71.089316
1708,Blue Hill Ave @ Paxton St,42.292257,-71.088996
10420,opp 150 American Legion Hwy,42.294747,-71.093301
10427,American Legion Hwy opp Kingbird Rd,42.293255,-71.094593
523,Morton St @ Canterbury St,42.29306,-71.096524
1546,Boylston St @ Warren St,42.328706,-71.13262
1534,Boylston St @ Sumner Rd,42.328992,-71.132781
70232,Tappan Street - Inbound,42.338459,-71.138702
1291,Washington St @ Fairbank St,42.338364,-71.131336
11302,Harvard St @ Verndale St,42.348388,-71.129539
1375,Harvard St @ Coolidge St,42.345963,-71.127686
70129,Griggs Street - Outbound,42.348545,-71.134949
962,Brighton Ave @ Linden St,42.352908,-71.130286
928,Brighton Ave @ Harvard Ave,42.352853,-71.132195
15241,Centre St @ Louders Ln,42.305857,-71.124464
5243,Centre St @ Rambler Rd,42.304484,-71.124831
5228,Centre St @ Westchester Rd,42.302745,-71.125277
5227,Centre St opp Faulkner Hospital,42.300196,-71.127632
6495,Hyde Park Ave opp Walk Hill St,42.296229,-71.116225
642,Washington St @ Tollgate Way,42.296255,-71.117613
597,Washington St @ Lochdale Rd,42.294377,-71.11976
56479,Hyde Park Ave @ Eldridge Rd,42.292344,-71.117619
10522,Circuit Dr @ Glen Ln,42.305104,-71.094684
9406,Morton St @ Harvard St,42.287812,-71.093881
1734,Blue Hill Ave @ Callender St,42.289583,-71.089446
76500,American Legion Hwy @ Kingbird Rd,42.29323,-71.09416
5245,Centre St @ Faulkner Hospital,42.300314,-71.127864
5246,Centre St opp Walter St,42.298067,-71.130313
927,Brighton Ave @ Allston St,42.353168,-71.134553
1113,Cambridge St @ Linden St,42.355943,-71.131448
1302,Harvard Ave @ Commonwealth Ave,42.350621,-71.131245
1379,Harvard Ave @ Brighton Ave,42.352418,-71.131843
964,Brighton Ave opp Quint Ave,42.353344,-71.133875
482,Washington St @ Park St,42.295398,-71.072193
458,Washington St @ Melville Ave,42.293402,-71.071785
373,Talbot Ave @ Spencer St,42.291229,-71.075287
372,Talbot Ave @ Southern Ave,42.29058,-71.073109
place-smmnl,Shawmut,42.29312583,-71.06573796
457,Washington St @ Kenwood St,42.291764,-71.071641
371,Talbot Ave @ Centre St,42.29017,-71.070633
426,Talbot Ave @ Lithgow St,42.289943,-71.069975
340,Dorchester Ave @ Centre St,42.293551,-71.06205
8809,Adams St @ Parkman St,42.297104,-71.056561
3087,Neponset Ave @ Adams St,42.297282,-71.056364
8327,Neponset Ave @ Victory Rd,42.295845,-71.054305
329,Dorchester Ave @ Centre St,42.293744,-71.062127
330,Dorchester Ave @ Cheverus Rd,42.292299,-71.062532
3086,Adams St @ Elmdale St,42.294907,-71.056242
8681,Adams St @ King St,42.293215,-71.057344
8808,Neponset Ave opp King St,42.294436,-71.052297
8340,Victory Rd @ Puritan Mall Driveway,42.29744,-71.050745
3085,Adams St @ King St,42.293022,-71.057242
1709,Blue Hill Ave @ Greenock St,42.289639,-71.089874
1733,Blue Hill Ave @ Arbutus St,42.287966,-71.089996
422,Talbot Ave @ Bernard St,42.292446,-71.079788
11735,Ames St @ Franklin Field Housing,42.290104,-71.082689
374,Talbot Ave @ Norwell St,42.292015,-71.077978
11736,Ames St @ Westview St,42.290612,-71.086389
375,Talbot Ave @ Bernard St,42.292436,-71.079404
Talbot Avenue,Talbot Avenue,42.292246,-71.07814
423,Talbot Ave @ New England Ave,42.291903,-71.077992
1710,Blue Hill Ave @ Johnston Rd,42.287168,-71.090663
524,Morton St @ Harvard St,42.287684,-71.094096
31835,Lee St opp Dudley Way,42.324303,-71.137937
11545,Lee St @ Boylston St,42.325809,-71.140476
70234,Dean Road - Inbound,42.337807,-71.141853
1275,Wahington St @ Evans Rd,42.341042,-71.137945
70177,Beaconsfield - Outbound,42.335846,-71.140823
70127,Allston Street - Outbound,42.348701,-71.137955
place-wrnst,Warren Street,42.348343,-71.140457
1193,Cambridge St @ Franklin St,42.355551,-71.132875
5247,Centre St @ VFW Pkwy,42.297113,-71.132485
1872,Opp 174 Walter St,42.294757,-71.130421
5248,Centre St @ Buchanan Rd,42.295993,-71.134235
596,3867 Washington St opp Tollgate Way,42.296502,-71.117515
640,Washington St @ Archdale Rd,42.292659,-71.121415
598,Washington St @ Archdale Rd,42.292857,-71.121366
599,Washington St @ Mosgrove Ave,42.29162,-71.122671
36479,Hyde Park Ave @ Southbourne Rd,42.289719,-71.118046
26495,265 Hyde Park Ave opp Eldridge St,42.293049,-71.117796
641,Washington St @ Aldwin Rd,42.294688,-71.119267
639,Washington St @ Whipple Ave,42.291606,-71.122523
525,Morton St @ Greendale Rd,42.28503,-71.093011
1732,Blue Hill Ave @ Woodrow Ave,42.285515,-71.090795
543,Morton St @ Blue Hill Ave,42.284568,-71.09208
11712,Blue Hill Ave @ Morton St,42.284143,-71.091674
526,Morton St @ Blue Hill Ave,42.284148,-71.0912
5226,Centre St @ Walter St,42.29768,-71.130466
5225,1200 Centre St opp VFW Pkwy,42.296828,-71.132553
1856,170 Walter St,42.294728,-71.130566
5224,Centre St opp Buchanan Rd,42.295711,-71.1342
1875,Weld St @ Centre St,42.294529,-71.135631
1871,Walter St @ Mendum St,42.292623,-71.130414
1111,Cambridge St @ Craftsman St,42.353931,-71.136365
966,Cambridge St @ N Beacon St,42.353442,-71.137948
1196,N Beacon St @ Cambridge St,42.353748,-71.138128
925,Cambridge St @ Barrows St,42.353091,-71.13843
1112,Cambridge St @ Harvard Ave,42.355252,-71.133178
1195,Cambridge St @ Emery Rd,42.354278,-71.135846
2558,N Harvard St @ Empire St,42.35853,-71.126738
926,Brighton Ave @ Cambridge St,42.353347,-71.136687
1110,N Beacon St @ Cambridge St,42.353583,-71.138173
485,Washington St @ Southern Ave,42.291446,-71.071762
425,Talbot Ave @ Norfolk St,42.290184,-71.072141
455,Norfolk St @ Epping St,42.289812,-71.072384
4374,Washington St @ Lithgow St,42.289506,-71.071311
424,Talbot Ave @ Colonial Ave,42.290919,-71.074625
431,355 Norfolk St opp Withington St,42.289347,-71.073001
454,Norfolk St @ Withington St,42.289172,-71.073139
37111,Washington St opp Lithgow St,42.289421,-71.071404
453,Norfolk St @ Chipman St,42.288781,-71.074845
432,Norfolk St @ Darlington St,42.288698,-71.075474
339,Dorchester Ave @ King St,42.291937,-71.062505
369,Talbot Ave @ Welles Ave,42.289135,-71.067039
428,Talbot Ave @ Welles Ave,42.288962,-71.066969
487,Washington St opp Welles Ave,42.288043,-71.071217
437,Washington St @ Welles Ave,42.288092,-71.07108
3069,Neponset Ave @ King St,42.294329,-71.052328
331,Dorchester Ave opp Shepton St,42.289422,-71.063344
8682,Adams St @ Lonsdale St,42.291489,-71.057297
8683,Adams St @ Msgr Lydon Way,42.290019,-71.056239
8807,Neponset Ave @ Popes Hill St,42.292992,-71.050744
8342,Freeport St @ Morrisey Blvd,42.292588,-71.048106
8341,Puritan Mall Service Rd,42.296425,-71.048757
1731,Blue Hill Ave @ Morton St,42.284108,-71.091323
434,Norfolk St @ New England Ave,42.288075,-71.077758
452,Norfolk St @ Peacevale Rd,42.288216,-71.076597
450,Norfolk St @ Milton Ave,42.287206,-71.07864
449,Norfolk St @ Thetford Ave,42.286219,-71.079593
451,Norfolk St opposite Woodrow Ave,42.287906,-71.077893
542,Morton St @ Wildwood St,42.282924,-71.088853
41835,Lee St @ Warren St,42.322507,-71.138095
1545,Boylston St @ Heath St,42.326254,-71.142702
81917,Chestnut Hill Ave @ Channing Rd,42.326824,-71.143
1544,Opp 763 Boylston St,42.326251,-71.145053
51835,Lee St @ Sears Rd,42.318402,-71.14092
81916,Lee St @ Boylston St,42.326155,-71.140511
21835,Chestnut Hill Ave @ Eliot St,42.326893,-71.143258
15351,Boylston St @ Timon Ave,42.326508,-71.145292
71916,Lee St opp Warren St,42.322368,-71.137981
11845,Chestnut Hill Ave @ Ackers Ave,42.329972,-71.146011
1543,850 Boylston St,42.326395,-71.148904
place-engav,Englewood Ave.,42.336971,-71.14566
1293,Washington St @ Bartlett St,42.341245,-71.138162
1274,Washington St @ Corey Rd,42.342394,-71.140567
924,Cambridge St @ Gordon St,42.352363,-71.140511
967,Cambridge St @ Saunders St,42.35209,-71.141711
969,Cambridge St @ Dustin St,42.350864,-71.145539
1296,Washington St opp Euston Rd,42.344593,-71.144416
1191,Cambridge St @ Lincoln St,42.357458,-71.128045
5249,Centre St @ Weld St,42.293913,-71.136665
1857,144 Walter St opp Mendum St,42.292587,-71.130541
1858,112 Walter St opp Cotton St,42.291853,-71.130756
18581,Walter St opp Ashfield St,42.291142,-71.132098
5223,Centre St @ Weld St,42.294567,-71.135578
1853,Weld St @ Centre St,42.294412,-71.135669
5222,Centre St @ Ardale St,42.293246,-71.137342
1852,Weld St @ Colby Rd,42.29367,-71.138855
600,Washington St opp Granfield Ave,42.290289,-71.124116
36495,Hyde Park Ave @ Dellmore Rd,42.290215,-71.118265
637,Washington St @ Firth Rd,42.288694,-71.125645
638,Washington St @ Granfield Ave,42.290089,-71.124166
601,Washington St @ South St,42.288708,-71.125793
46495,Hyde Park Ave opp Florian Street,42.286822,-71.118752
16479,Hyde Park Ave @ Neponset Ave,42.286303,-71.118597
6480,Hyde Park Ave @ Mt Hope St,42.285066,-71.118763
1713,Blue Hill Ave @ Goodale Rd,42.282425,-71.092282
1730,Blue Hill Ave @ Woolson St,42.282273,-71.091866
527,Morton St @ Wildwood St,42.282825,-71.088924
541,Morton St @ Norfolk St,42.281744,-71.087084
443,Norfolk St @ Morton St,42.281691,-71.086974
5250,1437 Centre St opp Ardale St,42.29326,-71.13749
1876,Weld St @ Alward Rd,42.293742,-71.139006
5251,1467 Centre St opp Hewlett St,42.292235,-71.138693
1851,Weld St @ Cerdan Ave,42.293532,-71.140076
1870,Walter St @ Cotton St,42.291844,-71.130605
1869,31 Walter St opp Sheffield St,42.289745,-71.133304
11868,5 Walter St opp Hewlett St,42.289151,-71.133832
1109,N Beacon St @ Saunders St,42.354115,-71.14151
11071,Arthur St @ Guest St - Stop & Shop,42.356313,-71.141651
11971,Arthur St @ Guest St - Stop & Shop,42.356306,-71.141461
2556,N Harvard St @ Hooker St,42.358742,-71.127014
2559,N Harvard St @ Oxford St,42.36019,-71.128574
2555,N Harvard St @ Coolidge Rd,42.360395,-71.129009
2554,N Harvard St @ Franklin St,42.361884,-71.130488
1069,Western Ave @ Stadium Way,42.363416,-71.127486
1052,130 Western Ave,42.363526,-71.125043
1197,N Beacon St opp Saunders St,42.35436,-71.141738
332,Dorchester Ave @ Banton St,42.288313,-71.063639
337,Dorchester Ave @ Msgr Lydon Way,42.288,-71.0636
8717,Dorchester Ave @ Talbot Ave,42.287014,-71.063999
430,Talbot Ave @ Dorchester Ave,42.286038,-71.064496
338,Dorchester Ave @ Shepton St,42.289355,-71.063224
30336,Dorchester Ave @ Dracut St,42.287003,-71.063901
489,Washington St opp Ashmont St,42.28543,-71.071227
3070,Neponset Ave @ S Monroe Ter,42.292893,-71.050815
367,Talbot Ave @ Dorchester Ave,42.286095,-71.064355
3084,Adams St opp Lonsdale St,42.291359,-71.057091
3083,Adams St opp Msgr. Lydon Way,42.289892,-71.056025
3082,Adams St @ Ashmont St,42.288174,-71.055221
3081,Adams St @ Oakton Ave.,42.286506,-71.054527
8806,248 Neponset Ave,42.290354,-71.048593
3073,Neponset Ave @ Tolman St,42.288169,-71.046994
528,Morton St @ Norfolk St,42.28161,-71.0872
436,Norfolk St @ Charles Rd,42.286419,-71.079551
438,227 Norfolk St opp Stanton St,42.285568,-71.080381
435,Norfolk St @ Milton Ave,42.287206,-71.078788
448,Norfolk St. @ Stanton St. opp. #227,42.285363,-71.0804
439,247 Norfolk St opp Capen St,42.284214,-71.081358
447,Norfolk St @ Capen St,42.284161,-71.081229
446,Norfolk St @ Nelson St,42.283476,-71.083052
445,Norfolk St @ Morton St,42.28219,-71.086249
Morton Street,Morton Street,42.280994,-71.085475
1535,Boylston St @ Chestnut Hill Ave,42.326553,-71.142458
91916,Chestnut Hill Ave opp Ackers Ave,42.330054,-71.145914
61916,Lee St @ Sears Rd,42.318332,-71.140678
51918,Clyde St @ Country Rd,42.314237,-71.142143
51917,Clyde St @ Whitney St,42.311339,-71.142333
1536,Boylston St @ Reservoir Rd,42.326679,-71.147792
1537,Opp 850 Boylston St,42.326821,-71.150152
11917,Chestnut Hill Ave @ Buckminster Rd,42.332414,-71.146719
place-rsmnl,Reservoir,42.335027,-71.148952
1538,Opp 910 Boylston St,42.326344,-71.153971
place-clmnl,Cleveland Circle,42.336142,-71.149326
70120,Washington Street - Inbound,42.343864,-71.142853
1294,Washington St @ Corey Rd,42.342369,-71.140297
70116,Sutherland Road - Inbound,42.341614,-71.146202
970,Cambridge St @ Sparhawk St,42.350124,-71.147347
971,Cambridge St @ Elko St,42.349442,-71.149226
1300,Washington St opp Shepard St,42.34813,-71.149638
1299,Washington St opp Snow St,42.346992,-71.148213
1107,N Beacon St @ Etna St,42.355315,-71.146247
1273,Washington St @ Commonwealth Ave,42.343868,-71.143266
1295,Washington St @ Commonwealth Ave,42.343586,-71.142524
1270,Washington St @ Monastery Rd,42.346111,-71.146379
1269,Washington St @ Snow St,42.34688,-71.148221
1114,Cambridge St @ N Harvard St,42.357758,-71.126505
1115,Cambridge St @ Seattle St,42.358658,-71.123967
2560,N Harvard St @ Kingsley St,42.361892,-71.130333
5221,Centre St @ Hewlett St,42.292218,-71.138545
5252,Centre St @ Fletcher St,42.291384,-71.139718
18691,Walter St @ Ashfield St,42.291042,-71.132032
1859,Walter St @ Sheffield St,42.289748,-71.133455
1860,Walter St @ Hewlett St,42.288963,-71.134177
Roslindale Village,Roslindale Village,42.287442,-71.130283
1877,Weld St @ Morey St,42.293627,-71.140097
5220,Centre St @ Fletcher St,42.291107,-71.139812
602,South St @ Taft Hill Terr,42.28695,-71.128508
6428,Cummins Hwy @ Washington St,42.286327,-71.128092
795,Corinth St @ Washington St,42.285689,-71.129103
6463,Cummins Hwy @ Sycamore St,42.284441,-71.125001
6464,Cummins Hwy @ Florence St,42.285141,-71.125969
636,Washington St @ Cummins Hwy,42.28652,-71.127949
6022,Poplar St @ Washington St,42.285766,-71.128944
635,Washington St @ Poplar St.,42.285566,-71.128997
56495,Hyde Park Ave opp Mt Hope St,42.285028,-71.119007
6479,510 Hyde Park Ave,42.282407,-71.118772
6430,Cummins Hwy. @ Sycamore St.,42.284332,-71.125039
46500,American Legion Hwy @ Mt Hope St,42.282393,-71.114655
10426,American Legion Hwy @ Army Reserve,42.284246,-71.112437
6431,93 Cummins Hwy opp Sherwood St,42.282976,-71.124104
6461,Cummins Hwy @ Brown Ave,42.281793,-71.122308
6462,Cummins Hwy @ Sherwood St,42.282871,-71.123861
6460,Cummins Hwy @ Rowe St,42.280681,-71.120534
6433,Cummins Hwy @ Rowe St,42.280568,-71.120531
1728,Blue Hill Ave @ Fessenden St,42.279265,-71.092891
441,Norfolk St @ Willowwood St,42.282708,-71.085274
529,Morton St opp Evans St,42.280779,-71.084621
530,Morton St @ W Selden St,42.28041,-71.08285
540,Morton St @ Selden St,42.280362,-71.082388
440,Norfolk St opp Nelson St,42.283529,-71.083184
1850,Weld St @ Ravenna Rd,42.293107,-71.143325
5219,Centre St @ Bradfield Ave,42.290298,-71.140829
1878,Weld St @ Gretter Rd,42.293171,-71.143458
1867,Robert St @ Belgrade Ave,42.286851,-71.131114
11860,Robert St @ Belgrade Ave,42.28676,-71.131106
793,Belgrade Ave @ Pinehurst St,42.286301,-71.13318
792,Belgrade Ave @ Penfield St,42.286241,-71.135028
797,Belgrade Ave @ Robert St,42.286845,-71.130867
1199,N Beacon St @ Life St,42.35551,-71.146275
11070,Life St @ Guest St,42.35693,-71.14563
11972,Guest St @ Life St,42.357109,-71.145623
1051,Western Ave @ Travis St,42.363248,-71.128518
1070,Western Ave @ N Harvard St,42.363284,-71.129148
2553,N Harvard St @ Western Ave,42.363657,-71.129248
1071,Western Ave opp Riverdale St,42.363253,-71.132079
1589,Western Ave @ Riverdale St,42.363148,-71.132038
1072,Western Ave @ Everett St,42.363179,-71.135542
1067,Western Ave opp Genzyme,42.363844,-71.12231
1053,60 Western Ave,42.363722,-71.122666
2551,N Harvard St @ Gate 2 Harvard Stadium,42.366948,-71.125108
70262,Ashmont - Mattapan Line Inbound,42.284652,-71.064489
518,Washington St @ Ashmont St,42.285485,-71.071094
490,Washington St @ Armadine St,42.284589,-71.071573
491,Washington St @ Stockton St,42.283173,-71.071479
515,Washington St @ Fuller St,42.281923,-71.071177
8686,Adams St @ Westmoreland St,42.285125,-71.055176
8685,Adams St @ Helena Rd,42.286961,-71.054597
3080,Adams St @ Franconia St,42.285338,-71.054975
8687,Adams St @ Minot St,42.283684,-71.055696
3071,Neponset Ave @ Ashmont St,42.289943,-71.048434
8684,Adams St @ Ashmont St,42.28829,-71.055445
3079,Adams St @ Minot St,42.283483,-71.055634
13378,Adams St @ Galivan Blvd,42.282827,-71.055898
33691,Granite Ave @ Gallivan Blvd,42.282482,-71.055536
3075,Neponset Ave @ Minot St,42.286327,-71.04401
8802,Neponset Circle @ Neponset Ave,42.286293,-71.043411
8801,Neponset Circle @ Walnut St,42.28679,-71.042227
38815,Gallivan Blvd @ Hallet St,42.283868,-71.046559
38812,Hallet St @ Florian Hall,42.282548,-71.047245
10540,Morton St @ Evans St,42.280886,-71.084654
539,980 Morton St opp Owen St,42.279382,-71.080939
71835,Clyde St opp Whitney St,42.311236,-71.142555
91835,Newton St @ Grove St,42.307371,-71.14654
81835,Grove St opp Allandale Rd,42.305786,-71.147817
11836,145 Grove St opp Bellingham Rd,42.304467,-71.150105
41916,Newton St @ Grove St,42.307293,-71.146308
31916,Grove St @ Allendale Rd,42.305687,-71.147592
1895,Grove St @ South St,42.302621,-71.152112
1027,Chestnut Hill Ave @ Englewood Ave,42.337121,-71.152079
1028,Chestnut Hill Ave @ Commonwealth Ave,42.337951,-71.153084
1539,Boylston St @ Norfolk Rd,42.32476,-71.159212
1540,Boylston St @ Hammond St,42.32361,-71.163925
1984,Boylston St @ Hammond St,42.323275,-71.163979
70112,Chestnut Hill Avenue - Inbound,42.338169,-71.15316
1272,Washington St @ Euston St,42.344633,-71.144682
1298,Washington St @ Monastery Rd,42.346056,-71.146117
place-chswk,Chiswick Road,42.340805,-71.150711
19201,Cambridge St opp Elko St,42.349311,-71.149073
920,Cambridge St @ Washington St,42.348903,-71.150156
1268,Washington St @ Shepard St,42.348224,-71.149882
972,Washington St @ Waldo Terr,42.349081,-71.151941
1083,Market St @ Arlington St,42.35151,-71.152061
1301,7 Winship St,42.348814,-71.150755
919,Washington St opp Waldo Terr,42.349002,-71.152193
1035,Market St @ Washington St,42.349261,-71.153309
1994,Winship St @ Union St,42.346188,-71.152449
1084,Chestnut Hill Ave @ Washington St,42.349027,-71.153531
994,Winship St @ Union St,42.346204,-71.152305
1079,Market St @ Vineland St,42.356921,-71.148686
1200,N Beacon St @ Market St,42.356314,-71.149493
1081,Market St opp Gardena St,42.354329,-71.150346
1190,Cambridge St @ Seattle St,42.35889,-71.123853
1116,Cambridge St @ Mass Pike Exit,42.36064,-71.118544
2561,N Harvard St @ Western Ave,42.363592,-71.129142
1049,Western Ave @ Everett St,42.363093,-71.135443
5253,1539 Centre St opp Bradfield Ave,42.289725,-71.141686
5254,Centre St @ Montclair Ave,42.289484,-71.141991
798,Belgrade Ave opp Pinehurst St,42.286415,-71.132946
794,Belgrade Ave @ Corinth St,42.286684,-71.13103
1879,Weld St @ Lantern Ln,42.293284,-71.144283
5218,Centre St @ Guerney St,42.289287,-71.142062
603,Washington St @ Albano St,42.283507,-71.131363
6432,Cummins Hwy @ Brown Ave,42.28184,-71.122574
6478,Hyde Park Ave @ Cummins Hwy,42.279969,-71.118822
6459,Cummins Hwy @ Hyde Park Ave,42.279886,-71.118724
36500,American Legion Hwy @ Stella Rd,42.28071,-71.115992
10423,American Legion Hwy @ Stella Rd,42.280752,-71.116254
10422,American Legion Hwy opp Shopping Center,42.284762,-71.111695
56500,650 American Legion Hwy,42.284753,-71.111333
96459,Cummins Hwy @ American Legion Hwy,42.278688,-71.116096
6496,Hyde Park Ave @ Cummins Hwy,42.279888,-71.119028
10419,American Legion Hwy @ Canterbury St,42.285933,-71.109847
10421,American Legion Hwy @ Walk Hill St,42.287688,-71.106954
76495,515 Hyde Park Ave,42.283091,-71.11903
26500,American Legion Hwy @ Cummins Hwy,42.278921,-71.116588
10424,American Legion Hwy @ Cummins Hwy,42.278467,-71.116716
1726,Blue Hill Ave @ Mattapan Library,42.277067,-71.0933
1725,1458 Blue Hill Ave opp Almont St,42.274918,-71.093328
499,Galivan Blvd @ Wilmington St,42.278739,-71.079768
531,Morton St @ Owen St,42.279273,-71.080958
1849,Weld St @ Burnside Ave,42.293263,-71.144645
1848,Weld St @ W Roxbury Pkwy,42.293696,-71.146169
1880,Weld St @ W Roxbury Pkwy,42.293706,-71.145896
799,Belgrade Ave opp Penfield St,42.286334,-71.135109
800,Belgrade Ave @ Walworth St,42.286307,-71.137533
801,Belgrade Ave opp Aldrich St,42.286195,-71.139544
1040,Market St @ Guest St,42.357313,-71.148285
1038,Market St @ Gardena St,42.354227,-71.150236
1041,Market St @ Centola St,42.359279,-71.147082
1039,Market St @ N Beacon St,42.355569,-71.149366
1042,Market St @ Lothrop St,42.360459,-71.146341
1068,125 Western Ave,42.363654,-71.124624
1075,Western Ave opp Litchfield St,42.362662,-71.139575
1076,445 Western Ave,42.362341,-71.14136
2564,N Harvard St opp Harvard Stadium Gate 2,42.36708,-71.124824
1189,Cambridge St @ Mass Pike,42.360808,-71.118665
25641,JFK St @ Eliot St,42.371486,-71.120947
32549,Eliot St @ Bennett St,42.372535,-71.121784
517,Washington St opp Armadine St,42.284619,-71.071429
516,Washington St @ Burt St,42.283442,-71.071403
492,Washington St @ Fuller St,42.28208,-71.07135
493,Washington St @ Ogden St,42.281319,-71.071048
512,Washington St opp Codman Hill Ave,42.280073,-71.070203
511,Washington St @ Gallivan Blvd,42.278962,-71.069534
532,Gallivan Blvd @ Stone Terr,42.279133,-71.06838
495,Washington St @ Codman Hill Ave,42.27998,-71.070289
494,Gallivan Blvd @ Washington St,42.278512,-71.070513
3078,Gallivan Blvd @ Ross Rd,42.282869,-71.054393
3370,Gallivan Blvd @ Kenmere Rd,42.282582,-71.056746
33077,Gallivan Blvd @ Woodfield St,42.2833,-71.051656
3378,Granite Ave @ Gallivan Blvd,42.282449,-71.055791
3371,Gallivan Blvd @ Frederika St,42.28219,-71.058367
3379,Granite Ave @ Milton St,42.280395,-71.054799
8803,398 Neponset Ave @ Neponset Health Center,42.28644,-71.044013
3369,Granite Ave @ Milton St,42.280252,-71.054608
3377,Gallivan Blvd @ Adams St,42.281913,-71.059005
33076,Gallivan Blvd @ Hallet St,42.283946,-71.046954
38814,55 Hallet St opp Florian Hall,42.282525,-71.047119
3077,Gallivan Blvd @ opp Marsh St,42.28342,-71.049947
8814,Hilltop St @ Hallet St,42.281011,-71.047954
8805,Neponset Ave @ Tolman St,42.288645,-71.047238
48812,Hallet St @ Hilltop St,42.281203,-71.047857
38813,Keystone Apartments,42.279449,-71.048562
8812,Hilltop St opp Crockett Ave.,42.27932,-71.051266
498,Gallivan Blvd @ Arbella Rd,42.278385,-71.076822
497,Gallivan Blvd @ Milton Ave,42.278189,-71.07492
21916,Grove St @ Bellingham St,42.304222,-71.150105
11837,Grove St @ South St,42.302638,-71.152249
1893,Grove St @ Russet Rd,42.301237,-71.153794
41836,Independence Dr @ Gerry Rd,42.299997,-71.15539
